{"cameraMode":{"drawMode":0,"name":"Shaded","section":"Shading Mode"},"sceneLighting":true,"audioPlay":false,"sceneViewState":{"showFog":true,"showMaterialUpdate":false,"showSkybox":true,"showFlares":true,"showImageEffects":true,"showParticleSystems":true},"in2DMode":false,"pivot":{"x":-3.4653806686401369,"y":0.04999998211860657,"z":0.44176483154296877},"rotation":{"x":-0.23062923550605775,"y":-0.3300585448741913,"z":0.08350738137960434,"w":-0.9115412831306458},"size":4.041658401489258,"orthographic":false}